"","X","Y","FID","IPEDSID","NAME","ADDRESS","ADDRESS2","CITY","STATE","ZIP","ZIP4","TELEPHONE","TYPE","STATUS","POPULATION","COUNTY","COUNTYFIPS","COUNTRY","LATITUDE","LONGITUDE","NAICS_CODE","NAICS_DESC","SOURCE","SOURCE_DAT","VAL_METHOD","VAL_DATE","WEBSITE","STFIPS","COFIPS","SECTOR","LEVEL_","HI_OFFER","DEG_GRANT","LOCALE","CLOSE_DATE","MERGE_ID","ALIAS","SIZE_SET","INST_SIZE","PT_ENROLL","FT_ENROLL","TOT_ENROLL","HOUSING","DORM_CAP","TOT_EMPLOY","SHELTER_ID"
"3003",-73.490213469,40.7595644250001,5268,189459,"Briarcliffe College","1055 Stewart Ave","NOT AVAILABLE","Bethpage","NY","11714","3545","(516) 918-3600",3,"A",2022,"Nassau",36059,"US",40.759564,-73.490213,611310,"Colleges, Universities, and Professional Schools","http://nces.ed.gov/GLOBALLOCATOR/col_info_popup.asp?ID=189459","2009-10-13T00:00:00.000Z","Imagery/Other","2014-08-19T00:00:00.000Z","www.briarcliffe.edu",36,59,3,1,5,1,21,"-2",-2,"NOT AVAILABLE",9,2,440,1226,1666,2,0,356,"NOT AVAILABLE"
"2832",-78.332293449,35.5014177400001,5097,198774,"Johnston Community College","245 College Road","NOT AVAILABLE","Smithfield","NC","27577","2350","(919) 934-3051",1,"A",4913,"Johnston",37101,"US",35.501418,-78.332293,611210,"Junior Colleges","http://nces.ed.gov/GLOBALLOCATOR/col_info_popup.asp?ID=198774","2009-10-13T00:00:00.000Z","Imagery/Other","2011-09-19T00:00:00.000Z","www.johnstoncc.edu",37,101,4,2,4,1,41,"-2",-2,"NOT AVAILABLE",3,2,2141,2075,4216,2,0,697,"NOT AVAILABLE"
"3811",-101.891914955,33.589284341,1076,229337,"Texas Tech University Health Sciences Center","3601 4th Street","NOT AVAILABLE","Lubbock","TX","79430","NOT AVAILABLE","(806) 743-2484 ext 254",1,"A",9965,"Lubbock",48303,"US",33.589284,-101.891915,611310,"Colleges, Universities, and Professional Schools","http://nces.ed.gov/GLOBALLOCATOR/col_info_popup.asp?ID=229337","2009-10-13T00:00:00.000Z","Geocode","2011-11-17T00:00:00.000Z","www.ttuhsc.edu",48,303,1,1,9,1,12,"-2",-2,"NOT AVAILABLE",-2,2,916,3475,4391,2,0,5574,"NOT AVAILABLE"
"5143",-85.196212767,34.258192459,4408,140988,"Shorter University","315 Shorter Ave","NOT AVAILABLE","Rome","GA","30165","NOT AVAILABLE","(706) 291-2121",2,"A",1827,"Floyd",13115,"US",34.258192,-85.196213,611310,"Colleges, Universities, and Professional Schools","http://nces.ed.gov/GLOBALLOCATOR/col_info_popup.asp?ID=140988","2009-10-13T00:00:00.000Z","Imagery/Other","2011-11-02T00:00:00.000Z","www.shorter.edu",13,115,2,1,7,1,13,"-2",-2,"Shorter",11,2,130,1378,1508,1,668,319,"NOT AVAILABLE"
"7008",-83.892153867,39.798613964,2273,440138,"Antioch University-System Administration","900 Dayton Street","NOT AVAILABLE","Yellow Springs","OH","45387","NOT AVAILABLE","(937) 769-1372",2,"A",89,"Greene",39057,"US",39.798614,-83.892154,611710,"Educational Support Services/Closed","http://nces.ed.gov/GLOBALLOCATOR/col_info_popup.asp?ID=440138","2009-10-13T00:00:00.000Z","Imagery","2010-05-24T00:00:00.000Z","www.antioch.edu",39,57,0,1,9,1,41,"-2",-2,"NOT AVAILABLE",-3,-2,0,0,0,-2,0,89,"NOT AVAILABLE"
"204",-104.831950256,39.676029618,7204,460738,"American Sentinel University","2260 South Xanadu Way","NOT AVAILABLE","Aurora","CO","80014","6510","(303) 991-1575",3,"A",3498,"Arapahoe",8005,"US",39.67603,-104.83195,611310,"Colleges, Universities, and Professional Schools","http://nces.ed.gov/GLOBALLOCATOR/col_info_popup.asp?ID=460738","2013-06-25T00:00:00.000Z","Imagery/Other","2013-08-05T00:00:00.000Z","www.americansentinel.edu",8,5,3,1,9,1,11,"-2",-2,"NOT AVAILABLE",-3,2,3074,333,3407,2,0,91,"NOT AVAILABLE"
"7390",-78.405394601,42.0931958730001,2655,417983,"Cattaraugus Allegany BOCES-Practical Nursing Program","1825 Windfall Rd","NOT AVAILABLE","Olean","NY","14760","NOT AVAILABLE","(716) 376-8268",1,"A",88,"Cattaraugus",36009,"US",42.093196,-78.405395,611519,"Other Technical and Trade Schools","http://nces.ed.gov/GLOBALLOCATOR/col_info_popup.asp?ID=417983","2009-10-13T00:00:00.000Z","Imagery","2011-07-06T00:00:00.000Z","www.caboces.org",36,9,7,3,2,2,41,"-2",-2,"NOT AVAILABLE",-3,1,77,0,77,2,0,11,"NOT AVAILABLE"
"3210",-81.473148379,41.115417753,5475,454351,"Regency Beauty Institute-Akron","1912 Buchholzer Blvd","NOT AVAILABLE","Akron","OH","44310","NOT AVAILABLE","(800) 787-6456",3,"A",101,"Summit",39153,"US",41.115418,-81.473148,611511,"Cosmetology and Barber Schools","http://nces.ed.gov/GLOBALLOCATOR/col_info_popup.asp?ID=454351","2009-10-13T00:00:00.000Z","Geocode","2014-08-19T00:00:00.000Z","www.regencybeauty.com",39,153,9,3,2,2,21,"-2",-2,"NOT AVAILABLE",-3,1,0,95,95,2,0,6,"NOT AVAILABLE"
"6737",-106.585189,35.197066,2002,405997,"University of Phoenix-Albuquerque Campus","5700 Pasadena NE","NOT AVAILABLE","Albuquerque","NM","87113","1570","(505) 821-4800",3,"A",3363,"Bernalillo",35001,"US",35.197066,-106.585189,611310,"Colleges, Universities, and Professional Schools","http://nces.ed.gov/GLOBALLOCATOR/col_info_popup.asp?ID=405997","2009-12-31T00:00:00.000Z","Imagery","2010-01-05T00:00:00.000Z","www.phoenix.edu",35,1,3,1,7,1,11,"-2",-2,"NOT AVAILABLE",12,2,0,2874,2874,2,0,489,"NOT AVAILABLE"
"6257",-90.3456045999999,38.592307405,522,177278,"Eden Theological Seminary","475 E Lockwood Ave","NOT AVAILABLE","Webster Groves","MO","63119","3192","(314) 918-2620",2,"A",209,"St. Louis",29189,"US",38.592307,-90.345605,611310,"Colleges, Universities, and Professional Schools","http://nces.ed.gov/GLOBALLOCATOR/col_info_popup.asp?ID=177278","2009-10-13T00:00:00.000Z","Imagery","2010-03-10T00:00:00.000Z","www.eden.edu",29,189,2,1,9,1,21,"-2",-2,"NOT AVAILABLE",-2,1,82,87,169,1,66,40,"NOT AVAILABLE"
"1800",-118.0030355,33.7337745450001,6065,115126,"Golden West College","15744 Goldenwest St.","NOT AVAILABLE","Huntington Beach","CA","92647","2710","(714) 892-7711",1,"A",12848,"Orange",6059,"US",33.733775,-118.003035,611210,"Junior Colleges","http://nces.ed.gov/GLOBALLOCATOR/col_info_popup.asp?ID=115126","2009-12-10T00:00:00.000Z","Imagery/Other","2011-10-24T00:00:00.000Z","www.goldenwestcollege.edu",6,59,4,2,4,1,21,"-2",-2,"NOT AVAILABLE",4,4,7797,4463,12260,2,0,588,"NOT AVAILABLE"
"5205",-92.050932668,30.218615787,4470,159443,"Acadiana Technical College-Lafayette Campus","1101 Bertrand Dr","NOT AVAILABLE","Lafayette","LA","70506","4909","(337) 262-5962 ext 102",1,"A",3934,"Lafayette",22055,"US",30.218616,-92.050933,611210,"Junior Colleges","http://nces.ed.gov/GLOBALLOCATOR/col_info_popup.asp?ID=159443","2009-10-13T00:00:00.000Z","Imagery/Other","2011-06-17T00:00:00.000Z","www.acadiana.edu",22,55,4,2,3,1,12,"-2",-2,"ATC - Lafayette Campus",2,2,1715,1767,3482,2,0,452,"NOT AVAILABLE"
"5934",-71.091871419,41.90191679,199,168032,"Rob Roy Academy-Taunton","1 School St","NOT AVAILABLE","Taunton","MA","02780","5339","(508) 822-1405",3,"A",74,"Bristol",25005,"US",41.901917,-71.091871,611511,"Cosmetology and Barber Schools","http://nces.ed.gov/GLOBALLOCATOR/col_info_popup.asp?ID=168032","2009-10-13T00:00:00.000Z","Imagery","2010-05-07T00:00:00.000Z","www.rob-roy.com",25,5,9,3,2,2,21,"-2",-2,"NOT AVAILABLE",-3,1,0,67,67,2,0,7,"NOT AVAILABLE"
"4178",-82.524303661,35.50727721,1443,198242,"South College-Asheville","140 Sweeten Creek Road","NOT AVAILABLE","Asheville","NC","28803","NOT AVAILABLE","(828) 398-2500",3,"A",321,"Buncombe",37021,"US",35.507277,-82.524304,611210,"Junior Colleges","http://nces.ed.gov/GLOBALLOCATOR/col_info_popup.asp?ID=198242","2009-10-13T00:00:00.000Z","Imagery","2010-03-10T00:00:00.000Z","www.southcollegenc.edu",37,21,3,1,5,1,13,"-2",-2,"NOT AVAILABLE",1,1,41,216,257,2,0,64,"NOT AVAILABLE"
"3213",-71.822928105,43.177004627,5478,182980,"New England College","98 Bridge St","NOT AVAILABLE","Henniker","NH","03242","NOT AVAILABLE","(603) 428-2211",2,"A",2286,"Merrimack",33013,"US",43.177005,-71.822928,611310,"Colleges, Universities, and Professional Schools","http://nces.ed.gov/GLOBALLOCATOR/col_info_popup.asp?ID=182980","2009-10-13T00:00:00.000Z","Imagery/Other","2014-08-19T00:00:00.000Z","www.nec.edu/",33,13,2,1,9,1,42,"-2",-2,"NEC",11,2,213,1755,1968,1,650,318,"NOT AVAILABLE"
"4878",-84.289210944,37.573994822,4143,156295,"Berea College","101 Chestnut Street","NOT AVAILABLE","Berea","KY","40404","2182","(859) 985-3000",2,"A",2258,"Madison",21151,"US",37.573995,-84.289211,611310,"Colleges, Universities, and Professional Schools","http://nces.ed.gov/GLOBALLOCATOR/col_info_popup.asp?ID=156295","2009-10-13T00:00:00.000Z","Imagery/Other","2014-08-19T00:00:00.000Z","www.berea.edu",21,151,2,1,5,1,32,"-2",-2,"NOT AVAILABLE",11,2,57,1601,1658,1,1389,600,"NOT AVAILABLE"
"2219",-122.0453645,37.319175854,6484,113333,"De Anza College","21250 Stevens Creek Blvd.","NOT AVAILABLE","Cupertino","CA","95014","NOT AVAILABLE","(408) 864-5678",1,"A",24678,"Santa Clara",6085,"US",37.319176,-122.045365,611210,"Junior Colleges","http://nces.ed.gov/GLOBALLOCATOR/col_info_popup.asp?ID=113333","2009-12-10T00:00:00.000Z","Imagery/Other","2011-10-21T00:00:00.000Z","www.deanza.edu/",6,85,4,2,4,1,13,"-2",-2,"NOT AVAILABLE",5,5,13208,10417,23625,2,0,1053,"10798345"
"4310",-122.775405,45.057871,1575,209241,"Mount Angel Seminary","1 Abbey Dr","NOT AVAILABLE","Saint Benedict","OR","97373","0505","(503) 845-3951 ext 3550",2,"A",227,"Marion",41047,"US",45.057871,-122.775405,611310,"Colleges, Universities, and Professional Schools","http://nces.ed.gov/GLOBALLOCATOR/col_info_popup.asp?ID=209241","2009-12-31T00:00:00.000Z","Imagery","2010-01-04T00:00:00.000Z","www.mountangelabbey.org/seminary/index.html",41,47,2,1,7,1,31,"-2",-2,"NOT AVAILABLE",-2,1,13,164,177,1,148,50,"NOT AVAILABLE"
"6796",-113.587448327,37.092128911,2061,421610,"Hairitage Hair Academy","1487 S Silicon Way Ste #A3","NOT AVAILABLE","Saint George","UT","84770","0000","(435) 673-5233",3,"A",58,"Washington",49053,"US",37.092129,-113.587448,611511,"Cosmetology and Barber Schools","http://nces.ed.gov/GLOBALLOCATOR/col_info_popup.asp?ID=421610","2009-10-13T00:00:00.000Z","Geocode","2010-08-09T00:00:00.000Z","hairitagehairacademy.com",49,53,6,2,4,2,41,"-2",-2,"NOT AVAILABLE",-3,1,20,33,53,2,0,5,"NOT AVAILABLE"
"1066",-111.989356783,33.4486915050001,3331,105659,"Refrigeration School Inc","4210 E Washington Street","NOT AVAILABLE","Phoenix","AZ","85034","1816","(602) 275-7133",3,"A",830,"Maricopa",4013,"US",33.448692,-111.989357,611210,"Junior Colleges","http://nces.ed.gov/GLOBALLOCATOR/col_info_popup.asp?ID=105659","2009-10-13T00:00:00.000Z","Imagery","2010-09-01T00:00:00.000Z","refrigerationschool.com",4,13,6,2,3,1,11,"-2",-2,"The Refrigeration School, RSI",1,1,0,783,783,2,0,47,"NOT AVAILABLE"
"1092",-82.0623836949999,29.040113305,3357,449524,"Taylor College","5190 SE 125th Street","NOT AVAILABLE","Belleview","FL","34420","NOT AVAILABLE","(352) 245-4119",3,"A",263,"Marion",12083,"US",29.040113,-82.062384,611210,"Junior Colleges","http://nces.ed.gov/GLOBALLOCATOR/col_info_popup.asp?ID=449524","2009-10-13T00:00:00.000Z","Geocode","2010-09-08T00:00:00.000Z","taylorcollege.edu",12,83,6,2,3,1,41,"-2",-2,"NOT AVAILABLE",-3,1,0,235,235,2,0,28,"NOT AVAILABLE"
"3704",-96.08519927,29.324293934,5969,229841,"Wharton County Junior College","911 Boling Hwy","NOT AVAILABLE","Wharton","TX","77488","NOT AVAILABLE","(979) 532-4560",1,"A",7961,"Wharton",48481,"US",29.324294,-96.085199,611210,"Junior Colleges","http://nces.ed.gov/GLOBALLOCATOR/col_info_popup.asp?ID=229841","2009-10-13T00:00:00.000Z","Imagery/Other","2011-09-19T00:00:00.000Z","www.wcjc.edu",48,481,4,2,4,1,32,"-2",-2,"NOT AVAILABLE",3,3,4383,3023,7406,1,159,555,"NOT AVAILABLE"
"5642",-81.7954664169999,30.311258707,4907,137953,"Trinity Baptist College","800 Hammond Blvd","NOT AVAILABLE","Jacksonville","FL","32221","NOT AVAILABLE","(904) 596-2400",2,"A",360,"Duval",12031,"US",30.311259,-81.795466,611310,"Colleges, Universities, and Professional Schools","http://nces.ed.gov/GLOBALLOCATOR/col_info_popup.asp?ID=137953","2009-10-13T00:00:00.000Z","Imagery/Other","2014-07-15T00:00:00.000Z","www.tbc.edu",12,31,2,1,7,1,11,"-2",-2,"NOT AVAILABLE",-2,1,68,226,294,1,208,66,"NOT AVAILABLE"
"1448",-157.860667985,21.300264683,3713,444626,"Hawaii Technology Institute","629 Pohukaina St","NOT AVAILABLE","Honolulu","HI","96813","NOT AVAILABLE","(808) 527-2700",2,"A",0,"Honolulu",15003,"US",21.300265,-157.860668,611420,"Computer Training","http://nces.ed.gov/GLOBALLOCATOR/col_info_popup.asp?ID=444626","2009-10-13T00:00:00.000Z","Geocode","2010-09-01T00:00:00.000Z","www.hti.edu",15,3,8,3,2,2,11,"-2",-2,"NOT AVAILABLE",-3,1,0,0,0,-2,0,0,"NOT AVAILABLE"
"3901",-79.75835,36.388685,1166,199485,"Rockingham Community College","Hwy 65w County Home Rd","NOT AVAILABLE","Wentworth","NC","27375","0038","(336) 342-4261 ext 2208",1,"A",2644,"Rockingham",37157,"US",36.388685,-79.75835,611210,"Junior Colleges","http://nces.ed.gov/GLOBALLOCATOR/col_info_popup.asp?ID=199485","2009-12-31T00:00:00.000Z","Imagery","2011-05-24T00:00:00.000Z","www.rockinghamcc.edu",37,157,4,2,3,1,42,"-2",-2,"RCC",2,2,1308,946,2254,2,0,390,"NOT AVAILABLE"
"465",-95.592909261,29.675202948,7465,458034,"Cardiotech Ultrasound School","12135 Bissonnet Ste E","NOT AVAILABLE","Houston","TX","77099","NOT AVAILABLE","(281) 495-0078",3,"A",94,"Harris",48201,"US",29.675203,-95.592909,611519,"Other Technical and Trade Schools","http://nces.ed.gov/GLOBALLOCATOR/col_info_popup.asp?ID=458034","2013-06-25T00:00:00.000Z","Imagery/Other","2013-08-05T00:00:00.000Z","www.cardiotech.org/",48,201,9,3,2,2,11,"-2",-2,"NOT AVAILABLE",-3,1,12,55,67,2,0,27,"NOT AVAILABLE"
"6799",-112.154232739,33.5663602060001,2064,421708,"Arizona College of Allied Health","4425 W Olive Avenue Suite 300","NOT AVAILABLE","Glendale","AZ","85302","NOT AVAILABLE","(602) 222-9300",3,"A",844,"Maricopa",4013,"US",33.56636,-112.154233,611210,"Junior Colleges","http://nces.ed.gov/GLOBALLOCATOR/col_info_popup.asp?ID=421708","2009-10-13T00:00:00.000Z","Imagery/Other","2014-07-15T00:00:00.000Z","www.arizonacollege.edu",4,13,6,2,3,1,21,"-2",-2,"NOT AVAILABLE",2,1,0,775,775,2,0,69,"NOT AVAILABLE"
"47",-84.571485695,42.738296206,7047,467571,"Regency Beauty Institute-Lansing","3415 West Saginaw Street, Suite E & F","NOT AVAILABLE","Lansing","MI","48915","0000","(800) 787-6456",3,"A",84,"Ingham",26065,"US",42.738296,-84.571486,611511,"Cosmetology and Barber Schools","http://nces.ed.gov/GLOBALLOCATOR/col_info_popup.asp?ID=467571","2013-06-25T00:00:00.000Z","UnVerified","2013-08-20T00:00:00.000Z","www.regencybeauty.com",26,65,9,3,2,2,12,"-2",-2,"NOT AVAILABLE",-3,1,19,58,77,2,0,7,"NOT AVAILABLE"
"6655",-73.794325,40.739497,920,189811,"St Paul's School of Nursing-Queens","30-50 Whitestone Expressway","NOT AVAILABLE","Flushing","NY","11354","NOT AVAILABLE","(718) 357-0500",3,"A",582,"Queens",36081,"US",40.739497,-73.794325,611210,"Junior Colleges","http://nces.ed.gov/GLOBALLOCATOR/col_info_popup.asp?ID=189811","2009-12-31T00:00:00.000Z","Imagery","2010-01-05T00:00:00.000Z","stpaulsschoolofnursing.com",36,81,6,2,3,1,11,"-2",-2,"SVCMCNY SCHOOL OF NURSING B & Q",1,1,208,299,507,2,0,75,"NOT AVAILABLE"
"3496",-82.447441265,40.0693140970001,5761,201672,"Central Ohio Technical College","1179 University Drive","NOT AVAILABLE","Newark","OH","43055","1767","(740) 366-1351",1,"A",4140,"Licking",39089,"US",40.069314,-82.447441,611210,"Junior Colleges","http://nces.ed.gov/GLOBALLOCATOR/col_info_popup.asp?ID=201672","2009-10-13T00:00:00.000Z","Imagery/Other","2011-09-19T00:00:00.000Z","www.cotc.edu",39,89,4,2,3,1,23,"-2",-2,"COTC",3,2,2574,1139,3713,2,0,427,"NOT AVAILABLE"
"4328",-122.676052407,45.5202361190001,1593,210359,"Everest College-Portland","425 SW Washington","NOT AVAILABLE","Portland","OR","97204","2296","(503) 222-3225",3,"A",390,"Multnomah",41051,"US",45.520236,-122.676052,611210,"Junior Colleges","http://nces.ed.gov/GLOBALLOCATOR/col_info_popup.asp?ID=210359","2009-10-13T00:00:00.000Z","Imagery/Other","2010-09-14T00:00:00.000Z","www.everest.edu/campus/portland",41,51,6,2,3,1,11,"-2",-2,"NOT AVAILABLE",2,1,196,133,329,2,0,61,"NOT AVAILABLE"
"5724",-82.361859097,27.980159394,4989,136075,"Fortis College-Tampa","3910 US Hwy 301 N Suite 200","NOT AVAILABLE","Tampa","FL","33619","NOT AVAILABLE","(813) 620-1446",3,"A",365,"Hillsborough",12057,"US",27.980159,-82.361859,611210,"Junior Colleges","http://nces.ed.gov/GLOBALLOCATOR/col_info_popup.asp?ID=136075","2009-10-13T00:00:00.000Z","Imagery/Other","2009-12-02T00:00:00.000Z","fortis.edu",12,57,6,2,3,1,21,"-2",-2,"NOT AVAILABLE",1,1,0,312,312,2,0,53,"NOT AVAILABLE"
"1713",-74.216080555,40.812949647,3978,446224,"Eastern School of Acupuncture and Traditional Medicine","427 Bloomfield Avenue, Suite 301","NOT AVAILABLE","Montclair","NJ","07042","3551","(973) 746-8717",3,"A",125,"Essex",34013,"US",40.81295,-74.216081,611519,"Other Technical and Trade Schools","http://nces.ed.gov/GLOBALLOCATOR/col_info_popup.asp?ID=446224","2009-10-13T00:00:00.000Z","Imagery","2010-08-23T00:00:00.000Z","www.EasternSchool.com",34,13,6,2,4,2,21,"-2",-2,"NOT AVAILABLE",-3,1,1,79,80,2,0,45,"NOT AVAILABLE"
"5059",-68.771723731,44.801896236,4324,161280,"University of Maine System Central Office","16 Central Street","NOT AVAILABLE","Bangor","ME","04401","NOT AVAILABLE","(207) 973-3200",1,"A",167,"Penobscot",23019,"US",44.801896,-68.771724,611710,"Educational Support Services/Closed","http://nces.ed.gov/GLOBALLOCATOR/col_info_popup.asp?ID=161280","2009-10-13T00:00:00.000Z","Geocode","2011-06-20T00:00:00.000Z","WWW.MAINE.EDU",23,19,0,1,9,1,13,"-2",-2,"NOT AVAILABLE",-3,-2,0,0,0,-2,0,167,"NOT AVAILABLE"
"5887",-72.6015409629999,42.141789929,152,167394,"College of Our Lady of the Elms","291 Springfield St","NOT AVAILABLE","Chicopee","MA","01013","NOT AVAILABLE","(413) 594-2761",2,"A",1892,"Hampden",25013,"US",42.14179,-72.601541,611310,"Colleges, Universities, and Professional Schools","http://nces.ed.gov/GLOBALLOCATOR/col_info_popup.asp?ID=167394","2009-10-13T00:00:00.000Z","Imagery","2010-05-06T00:00:00.000Z","www.elms.edu",25,13,2,1,8,1,21,"-2",-2,"Elms College",7,2,625,951,1576,1,385,316,"NOT AVAILABLE"
"223",-118.335565908,34.152072369,7223,470269,"New York Film Academy","100 Universal City Plaza, Building 9128 / Suite 179","NOT AVAILABLE","Universal City","CA","91608","1002","(212) 674-4300",3,"A",695,"New York",36061,"US",34.152072,-118.335566,611519,"Other Technical and Trade Schools","http://nces.ed.gov/GLOBALLOCATOR/col_info_popup.asp?ID=470269","2013-06-25T00:00:00.000Z","Imagery/Other","2013-08-05T00:00:00.000Z","www.nyfa.edu",6,61,6,2,4,2,21,"-2",-2,"NOT AVAILABLE",-3,1,19,676,695,2,0,0,"NOT AVAILABLE"
"7201",-99.747144631,32.448503072,2466,377315,"Texas College of Cosmetology-Abilene","117 Sayles Blvd.","NOT AVAILABLE","Abilene","TX","79605","NOT AVAILABLE","(325) 677-0532",3,"A",79,"Taylor",48441,"US",32.448503,-99.747145,611511,"Cosmetology and Barber Schools","http://nces.ed.gov/GLOBALLOCATOR/col_info_popup.asp?ID=377315","2009-10-13T00:00:00.000Z","Geocode","2010-09-14T00:00:00.000Z","NOT AVAILABLE",48,441,9,3,2,2,12,"-2",-2,"NOT AVAILABLE",-3,1,0,71,71,2,0,8,"NOT AVAILABLE"
"5877",-84.301554,30.443222,142,134097,"Florida State University","222 S. Copeland Street","NOT AVAILABLE","Tallahassee","FL","32306","1037","(850) 644-2525",1,"A",47420,"Leon",12073,"US",30.443222,-84.301554,611310,"Colleges, Universities, and Professional Schools","http://nces.ed.gov/GLOBALLOCATOR/col_info_popup.asp?ID=134097","2009-12-31T00:00:00.000Z","Imagery","2011-10-24T00:00:00.000Z","www.fsu.edu",12,73,1,1,9,1,12,"-2",-2,"Florida State|F.S.U.|FSU|F. S. U.|Fla. State University|Fla. State|Fl State University|Fl State|FL State University|FL State|Seminoles|Noles|Florida State Seminoles|Florida State University Seminoles|Fl. State|Fl. State University|The Florida State Unive",15,5,6023,34672,40695,1,6566,6725,"NOT AVAILABLE"
"1130",-95.472972145,29.861205179,3395,448211,"North West Beauty School","6770 Antoine Drive","NOT AVAILABLE","Houston","TX","77091","NOT AVAILABLE","(713) 263-8333",3,"A",67,"Harris",48201,"US",29.861205,-95.472972,611511,"Cosmetology and Barber Schools","http://nces.ed.gov/GLOBALLOCATOR/col_info_popup.asp?ID=448211","2009-10-13T00:00:00.000Z","Imagery/Other","2010-03-10T00:00:00.000Z","nwbs.edu",48,201,9,3,2,2,11,"-2",-2,"Northwest Beauty School",-3,1,48,14,62,2,0,5,"NOT AVAILABLE"
"7253",-92.100979554,32.5243275230001,2518,367112,"Career Technical College-Monroe","2319 Louisville Ave","NOT AVAILABLE","Monroe","LA","71201","NOT AVAILABLE","(318) 323-2889",3,"A",756,"Ouachita",22073,"US",32.524328,-92.10098,611210,"Junior Colleges","http://nces.ed.gov/GLOBALLOCATOR/col_info_popup.asp?ID=367112","2009-10-13T00:00:00.000Z","Imagery","2010-05-28T00:00:00.000Z","www.careertc.edu",22,73,6,2,3,1,13,"-2",-2,"NOT AVAILABLE",2,1,134,526,660,2,0,96,"NOT AVAILABLE"
"3553",-95.9403392999999,35.6284165970001,5818,207564,"Oklahoma State University Institute of Technology-Okmulgee","1801 E 4th St","NOT AVAILABLE","Okmulgee","OK","74447","3901","(918) 293-4678",1,"A",3525,"Okmulgee",40111,"US",35.628417,-95.940339,611210,"Junior Colleges","http://nces.ed.gov/GLOBALLOCATOR/col_info_popup.asp?ID=207564","2009-10-13T00:00:00.000Z","Imagery/Other","2011-11-18T00:00:00.000Z","www.osuit.edu/",40,111,1,1,5,1,32,"-2",-2,"NOT AVAILABLE",10,2,877,2241,3118,1,746,407,"NOT AVAILABLE"
"2530",-70.846387167,42.613474726,6795,165945,"Gordon-Conwell Theological Seminary","130 Essex St","NOT AVAILABLE","South Hamilton","MA","01982","NOT AVAILABLE","(978) 468-7111",2,"A",2214,"Essex",25009,"US",42.613475,-70.846387,611310,"Colleges, Universities, and Professional Schools","http://nces.ed.gov/GLOBALLOCATOR/col_info_popup.asp?ID=165945","2009-12-10T00:00:00.000Z","Imagery","2010-05-07T00:00:00.000Z","www.gordonconwell.edu",25,9,2,1,9,1,21,"-2",-2,"GCTS/Gordon-Conwell Seminary/Gordon Cromwell Theological Seminary",-2,2,1348,668,2016,1,364,198,"NOT AVAILABLE"
"4405",-66.0569955779999,18.4157716180001,1670,243841,"ICPR Junior College-General Institutional","558 Munoz Rivera Avenue","NOT AVAILABLE","Hato Rey","PR","00919","0304","(787) 753-6000",3,"A",597,"San Juan",72127,"PR",18.415772,-66.056996,611210,"Junior Colleges","http://nces.ed.gov/GLOBALLOCATOR/col_info_popup.asp?ID=243841","2009-10-13T00:00:00.000Z","Imagery/Other","2010-09-14T00:00:00.000Z","www.icprjc.edu",72,127,6,2,3,1,11,"-2",-2,"NOT AVAILABLE",2,1,50,448,498,2,0,99,"NOT AVAILABLE"
"7282",-99.341161084,34.668194199,2547,368364,"Southwest Technology Center","711 W. Tamarack","NOT AVAILABLE","Altus","OK","73521","NOT AVAILABLE","(580) 477-2250",1,"A",141,"Jackson",40065,"US",34.668194,-99.341161,611519,"Other Technical and Trade Schools","http://nces.ed.gov/GLOBALLOCATOR/col_info_popup.asp?ID=368364","2009-10-13T00:00:00.000Z","Geocode","2011-06-17T00:00:00.000Z","www.swtech.edu",40,65,4,2,4,2,33,"-2",-2,"NOT AVAILABLE",-3,1,18,68,86,2,0,55,"NOT AVAILABLE"
"4679",-76.352555,39.995677,1944,214041,"Millersville University of Pennsylvania","1 South George Street, Lyle Hall","NOT AVAILABLE","Millersville","PA","17551","0302","(717) 872-3024",1,"A",9448,"Lancaster",42071,"US",39.995677,-76.352555,611310,"Colleges, Universities, and Professional Schools","http://nces.ed.gov/GLOBALLOCATOR/col_info_popup.asp?ID=214041","2009-12-31T00:00:00.000Z","Imagery","2011-11-11T00:00:00.000Z","www.millersville.edu",42,71,1,1,8,1,21,"-2",-2,"NOT AVAILABLE",13,3,1419,6949,8368,1,2357,1080,"NOT AVAILABLE"
"2009",-157.812251198,21.4079925,6274,141990,"Windward Community College","45-720 Keaahala Rd","NOT AVAILABLE","Kaneohe","HI","96744","3598","(808) 235-7400",1,"A",2948,"Honolulu",15003,"US",21.407992,-157.812251,611210,"Junior Colleges","http://nces.ed.gov/GLOBALLOCATOR/col_info_popup.asp?ID=141990","2009-12-10T00:00:00.000Z","Imagery","2011-11-02T00:00:00.000Z","windward.hawaii.edu",15,3,4,2,3,1,22,"-2",-2,"WCC |Windward CC",2,2,1827,914,2741,2,0,207,"NOT AVAILABLE"
"7693",-96.664417,32.75082,2958,442851,"Ronny J's Barber Styling","443 Bruton Terrace Center","NOT AVAILABLE","Dallas","TX","75217","NOT AVAILABLE","(214) 275-7151 ext 201",3,"A",183,"Dallas",48113,"US",32.75082,-96.664417,611511,"Cosmetology and Barber Schools","http://nces.ed.gov/GLOBALLOCATOR/col_info_popup.asp?ID=442851","2009-10-13T00:00:00.000Z","Geocode","2010-03-30T00:00:00.000Z","www.hhacademys.org/",48,113,9,3,2,2,11,"-2",-2,"NOT AVAILABLE",-3,1,0,175,175,2,0,8,"NOT AVAILABLE"
"6547",-87.143786134,37.73780908,812,157465,"Daymar College-Owensboro","3361 Buckland Sq","NOT AVAILABLE","Owensboro","KY","42301","NOT AVAILABLE","(270) 926-4040",3,"A",358,"Daviess",21059,"US",37.737809,-87.143786,611210,"Junior Colleges","http://nces.ed.gov/GLOBALLOCATOR/col_info_popup.asp?ID=157465","2009-10-13T00:00:00.000Z","Geocode","2010-09-07T00:00:00.000Z","www.daymarcollege.edu",21,59,3,1,5,1,13,"-2",-2,"NOT AVAILABLE",1,1,59,217,276,2,0,82,"NOT AVAILABLE"
"5260",-70.889179736,42.465336252,4525,166601,"Marian Court College","35 Little's Point Rd","NOT AVAILABLE","Swampscott","MA","01907","NOT AVAILABLE","(781) 309-5200",2,"A",302,"Essex",25009,"US",42.465336,-70.88918,611210,"Junior Colleges","http://nces.ed.gov/GLOBALLOCATOR/col_info_popup.asp?ID=166601","2009-10-13T00:00:00.000Z","Imagery/Other","2014-08-19T00:00:00.000Z","www.mariancourt.edu",25,9,5,2,3,1,21,"-2",-2,"NOT AVAILABLE",1,1,75,187,262,2,0,40,"NOT AVAILABLE"
"2715",-106.587332753,35.1337888240001,6980,455530,"ATI Career Training Center-Albuquerque","4575 San Mateo NE Ste G130","NOT AVAILABLE","Albuquerque","NM","87109","NOT AVAILABLE","(505) 903-7055",3,"M",187,"Bernalillo",35001,"US",35.133789,-106.587333,611710,"Educational Support Services/Closed","http://nces.ed.gov/GLOBALLOCATOR/col_info_popup.asp?ID=455530","2011-06-02T00:00:00.000Z","Geocode","2011-06-02T00:00:00.000Z","www.atienterprises.edu",35,1,9,3,2,2,11,"12/21/2012",-2,"NOT AVAILABLE",-3,1,0,155,155,2,0,32,"NOT AVAILABLE"
"4134",-80.549731488,37.136914113,1399,233277,"Radford University","801 East Main Street","NOT AVAILABLE","Radford","VA","24141","0672","(540) 831-5000",1,"A",11093,"Radford",51750,"US",37.136914,-80.549731,611310,"Colleges, Universities, and Professional Schools","http://nces.ed.gov/GLOBALLOCATOR/col_info_popup.asp?ID=233277","2009-12-31T00:00:00.000Z","Imagery/Other","2011-11-10T00:00:00.000Z","www.radford.edu",51,750,1,1,9,1,13,"-2",-2,"RU",13,3,694,8879,9573,1,3142,1520,"NOT AVAILABLE"
"3047",-73.962149424,40.6911542880001,5312,194578,"Pratt Institute-Main","200 Willoughby Ave","NOT AVAILABLE","Brooklyn","NY","11205","NOT AVAILABLE","(718) 636-3600",2,"A",6336,"Kings",36047,"US",40.691154,-73.962149,611310,"Colleges, Universities, and Professional Schools","http://nces.ed.gov/GLOBALLOCATOR/col_info_popup.asp?ID=194578","2009-10-13T00:00:00.000Z","Imagery","2011-11-17T00:00:00.000Z","www.pratt.edu",36,47,2,1,8,1,11,"-2",-2,"Pratt Institute",13,2,380,4322,4702,1,1629,1634,"NOT AVAILABLE"
"4516",-89.401264209,43.0737924110001,1781,260381,"University of Wisconsin Extension","432 N Lake St","NOT AVAILABLE","Madison","WI","53706","NOT AVAILABLE","(608) 262-6151",1,"A",1134,"Dane",55025,"US",43.073792,-89.401264,611710,"Educational Support Services/Closed","http://nces.ed.gov/GLOBALLOCATOR/col_info_popup.asp?ID=260381","2009-10-13T00:00:00.000Z","Imagery/Other","2011-07-14T00:00:00.000Z","uwex.edu/",55,25,0,1,9,1,12,"-2",-2,"NOT AVAILABLE",-3,-2,0,0,0,-2,0,1134,"NOT AVAILABLE"
"2814",-71.493263644,41.7036753720001,5079,217581,"Empire Beauty School-Warwick","1276 Bald Hill Road Suite 100","NOT AVAILABLE","Warwick","RI","02886","NOT AVAILABLE","(800) 920-4593",3,"A",159,"Kent",44003,"US",41.703675,-71.493264,611511,"Cosmetology and Barber Schools","http://nces.ed.gov/GLOBALLOCATOR/col_info_popup.asp?ID=217581","2009-10-13T00:00:00.000Z","Imagery","2010-04-05T00:00:00.000Z","www.empire.edu",44,3,9,3,2,2,13,"-2",-2,"NOT AVAILABLE",-3,1,34,108,142,2,0,17,"NOT AVAILABLE"
"351",-73.798130632,40.7036720020001,7351,457828,"New Life Business Institute","161-10 Jamaica Ave Ste 404","NOT AVAILABLE","Jamaica","NY","11432","NOT AVAILABLE","(718) 737-6524",3,"A",119,"Queens",36081,"US",40.703672,-73.798131,611410,"Business and Secretarial Schools","http://nces.ed.gov/GLOBALLOCATOR/col_info_popup.asp?ID=457828","2013-06-25T00:00:00.000Z","Geocode","2013-08-05T00:00:00.000Z","www.NLBI1.com",36,81,9,3,2,2,11,"-2",-2,"NLBI INC",-3,1,0,102,102,2,0,17,"NOT AVAILABLE"
"2160",-83.0555267869999,42.326515117,6425,172635,"Wayne County Community College District","801 W. Fort Street","NOT AVAILABLE","Detroit","MI","48226","NOT AVAILABLE","(313) 496-2600",1,"A",19583,"Wayne",26163,"US",42.326515,-83.055527,611210,"Junior Colleges","http://nces.ed.gov/GLOBALLOCATOR/col_info_popup.asp?ID=172635","2009-12-10T00:00:00.000Z","Imagery/Other","2011-09-19T00:00:00.000Z","www.wcccd.edu",26,163,4,2,3,1,11,"-2",-2,"WCCCD",5,4,14273,3903,18176,2,0,1407,"NOT AVAILABLE"
"2929",-88.296431774,36.2964079060001,5194,221281,"Tennessee Technology Center at Paris","312 S Wilson Street","NOT AVAILABLE","Paris","TN","38242","NOT AVAILABLE","(731) 644-7365",1,"A",336,"Henry",47079,"US",36.296408,-88.296432,611519,"Other Technical and Trade Schools","http://nces.ed.gov/GLOBALLOCATOR/col_info_popup.asp?ID=221281","2009-10-13T00:00:00.000Z","Imagery/Other","2011-04-06T00:00:00.000Z","www.ttcparis.edu",47,79,4,2,4,2,33,"-2",-2,"NOT AVAILABLE",-3,1,21,275,296,2,0,40,"NOT AVAILABLE"
"5990",-80.184441686,26.2018178500001,255,137892,"ATI Career Training Center-Fort Lauderdale","2890 Northwest 62nd Street","NOT AVAILABLE","Fort Lauderdale","FL","33309","9731","(954) 973-4760",3,"M",295,"Broward",12011,"US",26.201818,-80.184442,611210,"Junior Colleges","http://nces.ed.gov/GLOBALLOCATOR/col_info_popup.asp?ID=137892","2009-10-13T00:00:00.000Z","Imagery","2010-09-09T00:00:00.000Z","www.aticareertraining.edu",12,11,6,2,4,1,12,"12/3/2012",-2,"NOT AVAILABLE",2,1,0,253,253,2,0,42,"NOT AVAILABLE"
"1970",-86.829370124,36.1689901020001,6235,221838,"Tennessee State University","3500 John A. Merritt Blvd","NOT AVAILABLE","Nashville","TN","37209","1561","(615) 963-5111",1,"A",10126,"Davidson",47037,"US",36.16899,-86.82937,611310,"Colleges, Universities, and Professional Schools","http://nces.ed.gov/GLOBALLOCATOR/col_info_popup.asp?ID=221838","2009-10-13T00:00:00.000Z","Imagery/Other","2011-11-10T00:00:00.000Z","www.tnstate.edu",47,37,1,1,9,1,11,"-2",-2,"NOT AVAILABLE",13,3,3223,5552,8775,1,2700,1351,"NOT AVAILABLE"
"6916",-84.3751949,33.577005576,2181,438197,"Everest Institute-Jonesboro","6431 Tara Blvd","NOT AVAILABLE","Jonesboro","GA","30236","1214","(770) 603-0000",3,"A",469,"Clayton",13063,"US",33.577006,-84.375195,611519,"Other Technical and Trade Schools","http://nces.ed.gov/GLOBALLOCATOR/col_info_popup.asp?ID=438197","2009-10-13T00:00:00.000Z","Geocode","2010-06-22T00:00:00.000Z","www.everest.edu/campus/jonesboro",13,63,9,3,2,2,21,"-2",-2,"NOT AVAILABLE",-3,1,0,408,408,2,0,61,"NOT AVAILABLE"
"1994",-86.7176973639999,33.4385964200001,6259,450377,"Strayer University-Alabama","3570 Grandview Pkwy Ste 200","NOT AVAILABLE","Birmingham","AL","35243","NOT AVAILABLE","(205) 453-6300",3,"A",992,"Jefferson",1073,"US",33.438596,-86.717697,611310,"Colleges, Universities, and Professional Schools","http://nces.ed.gov/GLOBALLOCATOR/col_info_popup.asp?ID=450377","2013-06-25T00:00:00.000Z","Imagery/Other","2013-08-05T00:00:00.000Z","www.strayer.edu/campus/birmingham",1,73,3,1,7,1,12,"-2",-2,"NOT AVAILABLE",-3,1,827,91,918,2,0,74,"NOT AVAILABLE"
"1416",-83.2144914669999,42.1978910240001,3681,454360,"Regency Beauty Institute-Detroit Southgate","15070 Dix-Toledo Road","NOT AVAILABLE","Southgate","MI","48195","NOT AVAILABLE","(800) 787-6456",3,"A",160,"Wayne",26163,"US",42.197891,-83.214491,611511,"Cosmetology and Barber Schools","http://nces.ed.gov/GLOBALLOCATOR/col_info_popup.asp?ID=454360","2009-10-13T00:00:00.000Z","Geocode","2010-09-13T00:00:00.000Z","www.regencybeauty.com",26,163,9,3,2,2,21,"-2",-2,"NOT AVAILABLE",-3,1,48,105,153,2,0,7,"NOT AVAILABLE"
"4324",-122.684197234,45.511697724,1589,209807,"Portland State University","724 SW Harrison","NOT AVAILABLE","Portland","OR","97201","NOT AVAILABLE","(503) 725-3511",1,"A",31307,"Multnomah",41051,"US",45.511698,-122.684197,611310,"Colleges, Universities, and Professional Schools","http://nces.ed.gov/GLOBALLOCATOR/col_info_popup.asp?ID=209807","2009-12-10T00:00:00.000Z","Imagery/Other","2011-11-08T00:00:00.000Z","www.pdx.edu",41,51,1,1,9,1,11,"-2",-2,"NOT AVAILABLE",15,5,10995,17132,28127,1,2021,3180,"10783959"
"4117",-80.571766971,39.2886318710001,1382,237783,"Salem International University","223 W Main St","NOT AVAILABLE","Salem","WV","26426","NOT AVAILABLE","(304) 326-1109",3,"A",968,"Harrison",54033,"US",39.288632,-80.571767,611310,"Colleges, Universities, and Professional Schools","http://nces.ed.gov/GLOBALLOCATOR/col_info_popup.asp?ID=237783","2009-10-13T00:00:00.000Z","Imagery","2010-09-13T00:00:00.000Z","WWW.SALEMU.EDU",54,33,3,1,8,1,42,"-2",-2,"NOT AVAILABLE",7,1,53,742,795,1,454,173,"NOT AVAILABLE"
"3602",-121.698855194,42.195027775,5867,428392,"Klamath Community College","7390 South Sixth Street","NOT AVAILABLE","Klamath Falls","OR","97603","7121","(541) 882-3521",1,"A",1364,"Klamath",41035,"US",42.195028,-121.698855,611210,"Junior Colleges","http://nces.ed.gov/GLOBALLOCATOR/col_info_popup.asp?ID=428392","2009-10-13T00:00:00.000Z","Imagery/Other","2011-06-21T00:00:00.000Z","www.klamathcc.edu",41,35,4,2,3,1,33,"-2",-2,"NOT AVAILABLE",2,2,651,502,1153,2,0,211,"NOT AVAILABLE"
"7251",-66.050389,18.220528,2516,430670,"San Juan Bautista School of Medicine","Carretera 172  Urb. Turabo Gardens","NOT AVAILABLE","Caguas","PR","00725","4968","(787) 743-3038 ext 227",2,"A",393,"Caguas",72025,"PR",18.220528,-66.050389,611310,"Colleges, Universities, and Professional Schools","http://nces.ed.gov/GLOBALLOCATOR/col_info_popup.asp?ID=430670","2009-12-31T00:00:00.000Z","Imagery","2010-01-06T00:00:00.000Z","www.sanjuanbautista.edu",72,25,2,1,9,1,13,"-2",-2,"NOT AVAILABLE",-2,1,0,244,244,2,0,149,"NOT AVAILABLE"
"1427",-104.759955784,38.84050811,3692,448752,"College America-Colorado Springs","3645 Citadel Drive South","NOT AVAILABLE","Colorado Springs","CO","80909","NOT AVAILABLE","(719) 622-3600 ext 1200",3,"A",411,"El Paso",8041,"US",38.840508,-104.759956,611310,"Colleges, Universities, and Professional Schools","http://nces.ed.gov/GLOBALLOCATOR/col_info_popup.asp?ID=448752","2009-10-13T00:00:00.000Z","Imagery/Other","2014-07-15T00:00:00.000Z","www.collegeamerica.edu/",8,41,3,1,5,1,11,"-2",-2,"NOT AVAILABLE",6,1,0,371,371,2,0,40,"NOT AVAILABLE"
"7514",-94.81721306,39.7775360690001,2779,436182,"Vatterott College-Saint Joseph","3131 Frederick Ave.","NOT AVAILABLE","Saint Joseph","MO","64506","NOT AVAILABLE","(816) 364-5399",3,"A",216,"Buchanan",29021,"US",39.777536,-94.817213,611210,"Junior Colleges","http://nces.ed.gov/GLOBALLOCATOR/col_info_popup.asp?ID=436182","2009-10-13T00:00:00.000Z","Imagery","2010-08-27T00:00:00.000Z","www.vatterott.edu/st_joseph.asp",29,21,6,2,3,1,13,"-2",-2,"NOT AVAILABLE",1,1,0,186,186,2,0,30,"NOT AVAILABLE"
"5376",-121.529502876,38.645749502,4641,448433,"Universal Technical Institute of Northern California Inc","4100 Duckhorn Drive","NOT AVAILABLE","Sacramento","CA","95834","NOT AVAILABLE","(916) 263-9100",3,"A",2031,"Sacramento",6067,"US",38.64575,-121.529503,611519,"Other Technical and Trade Schools","http://nces.ed.gov/GLOBALLOCATOR/col_info_popup.asp?ID=448433","2009-10-13T00:00:00.000Z","Imagery/Other","2014-07-15T00:00:00.000Z","www.uti.edu/",6,67,6,2,4,2,11,"-2",-2,"Universal Technical Institute  |UTI |UTI-Sacramento",-3,2,0,1894,1894,2,0,137,"NOT AVAILABLE"
"1438",-80.3480569929999,26.0264323960001,3703,454421,"FastTrain of Pembroke Pines","NOT AVAILABLE","NOT AVAILABLE","NOT AVAILABLE","FL","NOT AVAILABLE","NOT AVAILABLE","NOT AVAILABLE",3,"D",0,"Broward",12011,"US",26.026432,-80.348057,611710,"Educational Support Services/Closed","http://nces.ed.gov/GLOBALLOCATOR/col_info_popup.asp?ID=454421","2009-10-13T00:00:00.000Z","Geocode","2010-09-09T00:00:00.000Z","NOT AVAILABLE",12,11,6,2,3,1,21,"6/22/12",-2,"NOT AVAILABLE",-3,1,0,0,0,-2,0,0,"NOT AVAILABLE"
"648",-74.1721553629999,40.7351946040001,7648,458414,"Drake College of Business-Newark","800 Broad St","NOT AVAILABLE","Newark","NJ","07102","NOT AVAILABLE","(973) 645-1333",3,"A",1205,"Essex",34013,"US",40.735195,-74.172155,611410,"Business and Secretarial Schools","http://nces.ed.gov/GLOBALLOCATOR/col_info_popup.asp?ID=458414","2013-06-25T00:00:00.000Z","Geocode","2013-08-05T00:00:00.000Z","www.drakecollege.edu/",34,13,9,3,1,2,11,"-2",-2,"NOT AVAILABLE",-3,2,0,1107,1107,2,0,98,"NOT AVAILABLE"
"2993",-73.5936782749999,40.82071395,5258,192448,"Long Island University-C W Post Campus","720 Northern Blvd","NOT AVAILABLE","Brookville","NY","11548","1300","(516) 299-2900",2,"A",12544,"Nassau",36059,"US",40.820714,-73.593678,611310,"Colleges, Universities, and Professional Schools","http://nces.ed.gov/GLOBALLOCATOR/col_info_popup.asp?ID=192448","2009-10-13T00:00:00.000Z","Imagery","2011-11-16T00:00:00.000Z","www.liu.edu",36,59,2,1,9,1,21,"-2",-2,"LIU Post",13,4,5461,5518,10979,1,1677,1565,"NOT AVAILABLE"
"2146",-84.490923648,38.097029293,6411,456375,"MedTech College√Lexington Campus","1648 McGrathiana Pkwy #200","NOT AVAILABLE","Lexington","KY","40511","NOT AVAILABLE","(859) 410-2110",3,"A",323,"Fayette",21067,"US",38.097029,-84.490924,611210,"Junior Colleges","http://nces.ed.gov/GLOBALLOCATOR/col_info_popup.asp?ID=456375","2011-06-02T00:00:00.000Z","Geocode","2011-06-02T00:00:00.000Z","www.medtech.edu",21,67,6,2,4,1,41,"-2",-2,"NOT AVAILABLE",1,1,24,266,290,2,0,33,"NOT AVAILABLE"
"3565",-96.704002303,35.248988878,5830,207740,"Seminole State College","2701 Boren Blvd","NOT AVAILABLE","Seminole","OK","74868","1901","(405) 382-9950",1,"A",2354,"Seminole",40133,"US",35.248989,-96.704002,611210,"Junior Colleges","http://nces.ed.gov/GLOBALLOCATOR/col_info_popup.asp?ID=207740","2009-10-13T00:00:00.000Z","Imagery/Other","2011-06-17T00:00:00.000Z","www.sscok.edu",40,133,4,2,3,1,33,"-2",-2,"NOT AVAILABLE",2,2,1021,1137,2158,1,230,196,"NOT AVAILABLE"
"2780",-108.284768071,32.776962145,5045,188304,"Western New Mexico University","1000 W. College Ave","NOT AVAILABLE","Silver City","NM","88061","NOT AVAILABLE","(505) 538-6336",1,"A",4183,"Grant",35017,"US",32.776962,-108.284768,611310,"Colleges, Universities, and Professional Schools","http://nces.ed.gov/GLOBALLOCATOR/col_info_popup.asp?ID=188304","2009-10-13T00:00:00.000Z","Imagery/Other","2011-07-06T00:00:00.000Z","www.wnmu.edu",35,17,1,1,7,1,33,"-2",-2,"NOT AVAILABLE",10,2,1880,1813,3693,1,380,490,"NOT AVAILABLE"
"6426",-75.040471,39.785083,691,183938,"Camden County College","200 College Drive","NOT AVAILABLE","Blackwood","NJ","08012","NOT AVAILABLE","(856) 227-7200",1,"A",14618,"Camden",34007,"US",39.785083,-75.040471,611210,"Junior Colleges","http://nces.ed.gov/GLOBALLOCATOR/col_info_popup.asp?ID=183938","2009-12-31T00:00:00.000Z","Imagery","2011-09-19T00:00:00.000Z","www.camdencc.edu",34,7,4,2,3,1,21,"-2",-2,"NOT AVAILABLE",5,4,6191,7223,13414,2,0,1204,"NOT AVAILABLE"
"792",-118.304674396,33.929586278,3057,117715,"Los Angeles Southwest College","1600 W Imperial Hwy.","NOT AVAILABLE","Los Angeles","CA","90047","4899","(323) 241-5225",1,"A",7420,"Los Angeles",6037,"US",33.929586,-118.304674,611210,"Junior Colleges","http://nces.ed.gov/GLOBALLOCATOR/col_info_popup.asp?ID=117715","2009-10-13T00:00:00.000Z","Imagery","2011-10-25T00:00:00.000Z","www.lasc.edu",6,37,4,2,3,1,21,"-2",-2,"NOT AVAILABLE",3,3,5739,1287,7026,2,0,394,"NOT AVAILABLE"
"1436",-66.046964102,18.417008664,3701,444583,"Escuela Hotelera de San Juan","229 Guayama St","NOT AVAILABLE","Hato Rey","PR","00917","NOT AVAILABLE","(787) 759-7599 ext 206",3,"A",897,"San Juan",72127,"PR",18.417009,-66.046964,611519,"Other Technical and Trade Schools","http://nces.ed.gov/GLOBALLOCATOR/col_info_popup.asp?ID=444583","2009-10-13T00:00:00.000Z","Geocode","2010-09-14T00:00:00.000Z","www.escuelahotelera.com",72,127,9,3,2,2,11,"-2",-2,"NOT AVAILABLE",-3,1,0,820,820,2,0,77,"NOT AVAILABLE"
"1119",-73.843281324,40.715882015,3384,449676,"Ace Computer Training Center","109-19 72nd Road, STE # 4F","NOT AVAILABLE","Forest Hills","NY","11375","NOT AVAILABLE","(718) 575-3223",3,"A",128,"Queens",36081,"US",40.715882,-73.843281,611420,"Computer Training","http://nces.ed.gov/GLOBALLOCATOR/col_info_popup.asp?ID=449676","2009-10-13T00:00:00.000Z","Geocode","2010-09-13T00:00:00.000Z","www.acecareer.edu",36,81,9,3,2,2,11,"-2",-2,"NOT AVAILABLE",-3,1,106,0,106,2,0,22,"NOT AVAILABLE"
"1957",-86.868318846,35.920227437,6222,221254,"O'More College of Design","423 S Margin St","NOT AVAILABLE","Franklin","TN","37064","NOT AVAILABLE","(615) 794-4254 ext 237",2,"A",270,"Williamson",47187,"US",35.920227,-86.868319,611310,"Colleges, Universities, and Professional Schools","http://nces.ed.gov/GLOBALLOCATOR/col_info_popup.asp?ID=221254","2009-12-10T00:00:00.000Z","Imagery/Other","2009-12-10T00:00:00.000Z","www.omorecollege.edu",47,187,2,1,5,1,13,"-2",-2,"NOT AVAILABLE",-2,1,32,173,205,2,0,65,"NOT AVAILABLE"
"300",-90.981602433,38.344119546,7300,461537,"Cosmetology College of Franklin County","570 S Main St","NOT AVAILABLE","Saint Clair","MO","63077","1515","(636) 629-3433",3,"A",25,"Franklin",29071,"US",38.34412,-90.981602,611511,"Cosmetology and Barber Schools","http://nces.ed.gov/GLOBALLOCATOR/col_info_popup.asp?ID=461537","2013-06-25T00:00:00.000Z","Geocode","2013-08-05T00:00:00.000Z","cosmetologycollegefranklincounty.com/",29,71,9,3,2,2,32,"-2",-2,"NOT AVAILABLE",-3,1,0,22,22,2,0,3,"NOT AVAILABLE"
"6047",-84.396019192,33.773731834,312,139755,"Georgia Institute of Technology-Main Campus","225 North Ave","NOT AVAILABLE","Atlanta","GA","30332","0530","(404) 894-2000",1,"A",28736,"Fulton",13121,"US",33.773732,-84.396019,611310,"Colleges, Universities, and Professional Schools","http://nces.ed.gov/GLOBALLOCATOR/col_info_popup.asp?ID=139755","2009-10-13T00:00:00.000Z","Imagery","2011-10-28T00:00:00.000Z","www.gatech.edu",13,121,1,1,9,1,11,"-2",-2,"Georgia Tech",17,5,2709,18848,21557,1,9907,7179,"NOT AVAILABLE"
"5399",-112.088293419,33.481361463,4664,105428,"Phoenix College","1202 W Thomas Rd","NOT AVAILABLE","Phoenix","AZ","85013","NOT AVAILABLE","(602) 264-2492",1,"A",13220,"Maricopa",4013,"US",33.481361,-112.088293,611210,"Junior Colleges","http://nces.ed.gov/GLOBALLOCATOR/col_info_popup.asp?ID=105428","2009-10-13T00:00:00.000Z","Imagery/Other","2011-09-19T00:00:00.000Z","www.pc.maricopa.edu",4,13,4,2,3,1,11,"-2",-2,"NOT AVAILABLE",4,4,8874,3354,12228,2,0,992,"NOT AVAILABLE"
"2381",-83.354807348,42.382128901,6646,457633,"L'esprit Academy","31501 Schoolcraft Rd","NOT AVAILABLE","Livonia","MI","48150","NOT AVAILABLE","(734) 762-0200",3,"A",121,"Wayne",26163,"US",42.382129,-83.354807,611511,"Cosmetology and Barber Schools","http://nces.ed.gov/GLOBALLOCATOR/col_info_popup.asp?ID=457633","2013-06-25T00:00:00.000Z","Imagery/Other","2013-08-05T00:00:00.000Z","www.lespritacademy.com",26,163,9,3,2,2,13,"-2",-2,"NOT AVAILABLE",-3,1,0,100,100,2,0,21,"NOT AVAILABLE"
"863",-118.499692949,34.2566827410001,3128,119845,"Newberry School of Beauty","16860 Devonshire Blvd","NOT AVAILABLE","Granada Hills","CA","91344","7401","(818) 366-3211",3,"A",219,"Los Angeles",6037,"US",34.256683,-118.499693,611511,"Cosmetology and Barber Schools","http://nces.ed.gov/GLOBALLOCATOR/col_info_popup.asp?ID=119845","2009-10-13T00:00:00.000Z","Imagery/Other","2014-07-15T00:00:00.000Z","www.newberryschoolofbeauty.net",6,37,9,3,2,2,11,"-2",-2,"NOT AVAILABLE",-3,1,94,109,203,2,0,16,"NOT AVAILABLE"
"2634",-119.023087619,35.385512743,6899,457077,"Milan Institute-Bakersfield","2822 F Street, Ste H","NOT AVAILABLE","Bakersfield","CA","93301","NOT AVAILABLE","(661) 335-5900",3,"A",432,"Kern",6029,"US",35.385513,-119.023088,611511,"Cosmetology and Barber Schools","http://nces.ed.gov/GLOBALLOCATOR/col_info_popup.asp?ID=457077","2011-06-02T00:00:00.000Z","Geocode","2011-06-02T00:00:00.000Z","www.milaninstitute.edu",6,29,9,3,2,2,11,"-2",-2,"NOT AVAILABLE",-3,1,0,394,394,2,0,38,"NOT AVAILABLE"
"7686",-80.087289304,26.6362710820001,2951,442745,"Medvance Institute-West Palm","1630 South Congress Avenue, Suite 300","NOT AVAILABLE","Palm Springs","FL","33461","2171","(561) 304-3466",3,"A",706,"Palm Beach",12099,"US",26.636271,-80.087289,611210,"Junior Colleges","http://nces.ed.gov/GLOBALLOCATOR/col_info_popup.asp?ID=442745","2009-10-13T00:00:00.000Z","Imagery","2010-09-09T00:00:00.000Z","www.medvance.edu",12,99,6,2,4,1,21,"-2",-2,"NOT AVAILABLE",2,1,0,644,644,2,0,62,"NOT AVAILABLE"
"932",-97.057585973,32.7439908970001,3197,443854,"Everest College-Arlington","300 Six Flags Drive","NOT AVAILABLE","Arlington","TX","76011","NOT AVAILABLE","(817) 652-7790",3,"A",723,"Tarrant",48439,"US",32.743991,-97.057586,611210,"Junior Colleges","http://nces.ed.gov/GLOBALLOCATOR/col_info_popup.asp?ID=443854","2009-10-13T00:00:00.000Z","Geocode","2010-09-14T00:00:00.000Z","www.everest.edu/campus/arlington_mid_cities_",48,439,6,2,3,1,11,"-2",-2,"NOT AVAILABLE",2,1,53,587,640,2,0,83,"NOT AVAILABLE"
"3741",-94.881862,33.104937,1006,227225,"Northeast Texas Community College","2886 FM 1735","NOT AVAILABLE","Mount Pleasant","TX","75455","NOT AVAILABLE","(903) 434-8100",1,"A",3784,"Titus",48449,"US",33.104937,-94.881862,611210,"Junior Colleges","http://nces.ed.gov/GLOBALLOCATOR/col_info_popup.asp?ID=227225","2009-12-31T00:00:00.000Z","Imagery","2011-07-20T00:00:00.000Z","www.ntcc.edu",48,449,4,2,3,1,42,"-2",-2,"NTCC |NETCC",2,2,1645,1714,3359,1,220,425,"NOT AVAILABLE"
"1279",-121.49776089,38.648829554,3544,114460,"Federico Beauty Institute","1515 Sports Drive    Ste 100","NOT AVAILABLE","Sacramento","CA","95834","NOT AVAILABLE","(916) 929-4242",3,"A",325,"Sacramento",6067,"US",38.64883,-121.497761,611511,"Cosmetology and Barber Schools","http://nces.ed.gov/GLOBALLOCATOR/col_info_popup.asp?ID=114460","2009-10-13T00:00:00.000Z","Geocode","2010-09-08T00:00:00.000Z","federico.edu",6,67,9,3,2,2,21,"-2",-2,"NOT AVAILABLE",-3,1,81,186,267,2,0,58,"NOT AVAILABLE"
"964",-110.89508613,32.236735606,3229,104364,"Brown Mackie College-Tucson","4585 E Speedway Blvd.","NOT AVAILABLE","Tucson","AZ","85712","NOT AVAILABLE","(520) 327-6866",3,"A",757,"Pima",4019,"US",32.236736,-110.895086,611310,"Colleges, Universities, and Professional Schools","http://nces.ed.gov/GLOBALLOCATOR/col_info_popup.asp?ID=104364","2009-10-13T00:00:00.000Z","Imagery","2010-09-01T00:00:00.000Z","www.brownmackie.edu",4,19,3,1,5,1,11,"-2",-2,"NOT AVAILABLE",6,1,0,629,629,2,0,128,"NOT AVAILABLE"
"5475",-84.015279965,41.905782328,4740,172264,"Siena Heights University","1247 E. Siena Heights Dr","NOT AVAILABLE","Adrian","MI","49221","NOT AVAILABLE","(517) 263-0731",2,"A",3059,"Lenawee",26091,"US",41.905782,-84.01528,611310,"Colleges, Universities, and Professional Schools","http://nces.ed.gov/GLOBALLOCATOR/col_info_popup.asp?ID=172264","2009-10-13T00:00:00.000Z","Imagery/Other","2014-08-19T00:00:00.000Z","www.sienaheights.edu",26,91,2,1,7,1,32,"-2",-2,"NOT AVAILABLE",10,2,1447,1185,2632,1,450,427,"NOT AVAILABLE"
"1788",-75.373037796,40.052048702,6053,212133,"Eastern University","1300 Eagle Rd","NOT AVAILABLE","Saint Davids","PA","19087","3696","(610) 341-5800",2,"A",5028,"Delaware",42045,"US",40.052049,-75.373038,611310,"Colleges, Universities, and Professional Schools","http://nces.ed.gov/GLOBALLOCATOR/col_info_popup.asp?ID=212133","2009-12-10T00:00:00.000Z","Imagery/Other","2011-11-17T00:00:00.000Z","www.eastern.edu",42,45,2,1,9,1,21,"-2",-2,"NOT AVAILABLE",14,2,1246,2903,4149,1,1246,879,"NOT AVAILABLE"
"6532",-108.148058,35.687412,797,187596,"Navajo Technical College","Lower Point Road, State Road 371","NOT AVAILABLE","Crownpoint","NM","87313","0849","(505) 786-4100",1,"A",1943,"McKinley",35031,"US",35.687412,-108.148058,611310,"Colleges, Universities, and Professional Schools","http://nces.ed.gov/GLOBALLOCATOR/col_info_popup.asp?ID=187596","2009-12-31T00:00:00.000Z","Imagery","2011-07-06T00:00:00.000Z","www.navajotech.edu",35,31,1,1,5,1,43,"-2",-2,"Navajo Tech",2,2,362,1392,1754,1,232,189,"NOT AVAILABLE"
"2837",-82.55085918,35.8258575890001,5102,198899,"Mars Hill College","100 Athletic St","NOT AVAILABLE","Mars Hill","NC","28754","NOT AVAILABLE","(828) 689-4968",2,"A",1691,"Madison",37115,"US",35.825858,-82.550859,611310,"Colleges, Universities, and Professional Schools","http://nces.ed.gov/GLOBALLOCATOR/col_info_popup.asp?ID=198899","2009-10-13T00:00:00.000Z","Imagery","2009-11-05T00:00:00.000Z","www.mhc.edu",37,115,2,1,7,1,21,"-2",-2,"NOT AVAILABLE",11,2,115,1255,1370,1,992,321,"NOT AVAILABLE"
"7433",-72.225995658,41.717539802,2698,369792,"Windham Memorial Hospital-Radiologic Technology Program","112 Mansfield Avenue","NOT AVAILABLE","Willimantic","CT","06226","2040","(860) 456-6871",2,"A",18,"Windham",9015,"US",41.71754,-72.225996,611519,"Other Technical and Trade Schools","http://nces.ed.gov/GLOBALLOCATOR/col_info_popup.asp?ID=369792","2009-10-13T00:00:00.000Z","Imagery","2010-05-10T00:00:00.000Z","www.wcmh.org",9,15,5,2,4,2,31,"-2",-2,"NOT AVAILABLE",-3,1,0,15,15,2,0,3,"NOT AVAILABLE"
"4053",-73.762534,40.812154,1318,197027,"United States Merchant Marine Academy","300 Steamboat Rd","NOT AVAILABLE","Kings Point","NY","11024","1699","(516) 726-5800",1,"A",1316,"Nassau",36059,"US",40.812154,-73.762534,611310,"Colleges, Universities, and Professional Schools","http://nces.ed.gov/GLOBALLOCATOR/col_info_popup.asp?ID=197027","2009-12-31T00:00:00.000Z","Imagery","2011-07-11T00:00:00.000Z","WWW.USMMA.EDU",36,59,1,1,7,1,21,"-2",-2,"USMMA|Kings Point",8,2,23,1003,1026,1,877,290,"NOT AVAILABLE"
"4534",-83.798085153,42.544378322,1799,261676,"Ross Medical Education Center-Brighton","8110 Murphy Drive","NOT AVAILABLE","Brighton","MI","48116","NOT AVAILABLE","(810) 227-0160",3,"A",153,"Livingston",26093,"US",42.544378,-83.798085,611519,"Other Technical and Trade Schools","http://nces.ed.gov/GLOBALLOCATOR/col_info_popup.asp?ID=261676","2009-10-13T00:00:00.000Z","Geocode","2010-09-10T00:00:00.000Z","www.rosseducation.edu",26,93,9,3,1,2,22,"-2",-2,"NOT AVAILABLE",-3,1,0,134,134,2,0,19,"NOT AVAILABLE"
"5138",-92.7679868499999,38.949285177,4403,176734,"Boonslick Technical Education Center","1694 Ashley Rd","NOT AVAILABLE","Boonville","MO","65233","NOT AVAILABLE","(660) 882-5306 ext 7201",1,"A",31,"Cooper",29053,"US",38.949285,-92.767987,611519,"Other Technical and Trade Schools","http://nces.ed.gov/GLOBALLOCATOR/col_info_popup.asp?ID=176734","2009-10-13T00:00:00.000Z","Geocode","2011-06-28T00:00:00.000Z","www.boonville.k12.mo.us/schools/btec",29,53,7,3,2,2,41,"-2",-2,"NOT AVAILABLE",-3,1,0,25,25,2,0,6,"NOT AVAILABLE"
"4638",-75.8737803559999,41.243357803,1903,213215,"Jolie Hair and Beauty Academy of Wilkes-Barre","125 N Wilkes Barre Blvd","NOT AVAILABLE","Wilkes Barre","PA","18702","NOT AVAILABLE","(570) 825-8363",3,"A",195,"Luzerne",42079,"US",41.243358,-75.87378,611511,"Cosmetology and Barber Schools","http://nces.ed.gov/GLOBALLOCATOR/col_info_popup.asp?ID=213215","2009-10-13T00:00:00.000Z","Imagery/Other","2010-09-15T00:00:00.000Z","www.jolieacademy.com",42,79,9,3,2,2,13,"-2",-2,"NOT AVAILABLE",-3,1,45,133,178,2,0,17,"NOT AVAILABLE"
"5566",-72.220580236,41.719782222,4831,441353,"Windham Technical High School","210 Birch St","NOT AVAILABLE","Willimantic","CT","06226","NOT AVAILABLE","(860) 456-3879",1,"A",18,"Windham",9015,"US",41.719782,-72.22058,611519,"Other Technical and Trade Schools","http://nces.ed.gov/GLOBALLOCATOR/col_info_popup.asp?ID=441353","2009-10-13T00:00:00.000Z","Imagery/Other","2011-05-24T00:00:00.000Z","www.cttech.org/windham/",9,15,7,3,2,2,31,"-2",-2,"NOT AVAILABLE",-3,1,0,16,16,2,0,2,"NOT AVAILABLE"
"1728",-74.070012291,41.742216392,3993,446321,"Hudson Valley School of Advanced Aesthetic Skin Care","1723 Rte 9W","NOT AVAILABLE","West Park","NY","12493","NOT AVAILABLE","(845) 384-6406",3,"A",11,"Ulster",36111,"US",41.742216,-74.070012,611420,"Computer Training","http://nces.ed.gov/GLOBALLOCATOR/col_info_popup.asp?ID=446321","2009-10-13T00:00:00.000Z","Geocode","2010-09-14T00:00:00.000Z","www.HVSAesthetics.com",36,111,9,3,2,2,41,"-2",-2,"NOT AVAILABLE",-3,1,4,7,11,2,0,0,"NOT AVAILABLE"
"6314",-87.836915,41.694613,579,147378,"Moraine Valley Community College","9000 W. College Parkway","NOT AVAILABLE","Palos Hills","IL","60465","0937","(708) 974-4300",1,"A",17925,"Cook",17031,"US",41.694613,-87.836915,611210,"Junior Colleges","http://nces.ed.gov/GLOBALLOCATOR/col_info_popup.asp?ID=147378","2009-12-31T00:00:00.000Z","Imagery","2011-11-03T00:00:00.000Z","www.morainevalley.edu",17,31,4,2,3,1,21,"-2",-2,"MVCC/Moraine/Moraine Valley/Moraine Valley CC",5,4,9667,6983,16650,2,0,1275,"NOT AVAILABLE"
"7018",-83.28061,30.860369,2283,384379,"Georgia Military College-Valdosta Campus","NOT AVAILABLE","NOT AVAILABLE","NOT AVAILABLE","GA","NOT AVAILABLE","NOT AVAILABLE","NOT AVAILABLE",1,"C",0,"Lowndes",13185,"US",30.860369,-83.28061,611210,"Junior Colleges","http://nces.ed.gov/GLOBALLOCATOR/col_info_popup.asp?ID=384379","2009-10-13T00:00:00.000Z","UnVerified","2011-06-01T00:00:00.000Z","NOT AVAILABLE",13,185,4,2,3,1,41,"-2",139904,"NOT AVAILABLE",2,2,0,0,0,-2,0,0,"NOT AVAILABLE"
"1145",-89.734619,35.225457,3410,449764,"Visible Music College","200 Madison Ave","NOT AVAILABLE","Memphis","TN","38103","NOT AVAILABLE","(901) 381-3939 ext 211",2,"A",166,"Shelby",47157,"US",35.225457,-89.734619,611310,"Colleges, Universities, and Professional Schools","http://nces.ed.gov/GLOBALLOCATOR/col_info_popup.asp?ID=449764","2009-12-31T00:00:00.000Z","Imagery","2009-12-31T00:00:00.000Z","www.visible.edu",47,157,2,1,5,1,11,"-2",-2,"NOT AVAILABLE",-2,1,3,125,128,1,108,38,"NOT AVAILABLE"
"5954",-85.592657,43.02195,219,171881,"Kuyper College","3333 East Beltline Ave NE","NOT AVAILABLE","Grand Rapids","MI","49525","9781","(616) 222-3000",2,"A",400,"Kent",26081,"US",43.02195,-85.592657,611310,"Colleges, Universities, and Professional Schools","http://nces.ed.gov/GLOBALLOCATOR/col_info_popup.asp?ID=171881","2009-12-31T00:00:00.000Z","Imagery","2009-12-31T00:00:00.000Z","www.kuyper.edu",26,81,2,1,6,1,21,"-2",-2,"NOT AVAILABLE",8,1,51,276,327,1,166,73,"NOT AVAILABLE"
"1221",-93.168177,45.160645,3486,451769,"Minnesota School of Business-Blaine","3680 Pheasant Ridge Dr NE","NOT AVAILABLE","Blaine","MN","55449","NOT AVAILABLE","(763) 225-8000",3,"A",608,"Anoka",27003,"US",45.160645,-93.168177,611210,"Junior Colleges","http://nces.ed.gov/GLOBALLOCATOR/col_info_popup.asp?ID=451769","2009-12-31T00:00:00.000Z","Imagery","2009-12-31T00:00:00.000Z","www.msbcollege.edu/",27,3,3,1,5,1,41,"-2",-2,"NOT AVAILABLE",6,1,333,213,546,2,0,62,"NOT AVAILABLE"
"7720",-118.399448628,34.187492175,2985,443331,"West Coast University-Los Angeles","12215 Victory Boulevard","NOT AVAILABLE","North Hollywood","CA","91606","NOT AVAILABLE","(818) 299-5500",3,"A",1539,"Los Angeles",6037,"US",34.187492,-118.399449,611310,"Colleges, Universities, and Professional Schools","http://nces.ed.gov/GLOBALLOCATOR/col_info_popup.asp?ID=443331","2009-10-13T00:00:00.000Z","Imagery/Other","2010-09-07T00:00:00.000Z","www.westcoastuniversity.edu",6,37,3,1,8,1,11,"-2",-2,"NOT AVAILABLE",-2,2,286,1092,1378,2,0,161,"NOT AVAILABLE"
"6499",-75.126308157,39.898805313,764,185970,"P B Cosmetology Education Center","110 Monmouth St","NOT AVAILABLE","Gloucester","NJ","08030","NOT AVAILABLE","(856) 456-4927",3,"A",213,"Camden",34007,"US",39.898805,-75.126308,611511,"Cosmetology and Barber Schools","http://nces.ed.gov/GLOBALLOCATOR/col_info_popup.asp?ID=185970","2009-10-13T00:00:00.000Z","Geocode","2010-08-23T00:00:00.000Z","www.pbbeautyschool.com",34,7,9,3,2,2,21,"-2",-2,"NOT AVAILABLE",-3,1,38,152,190,2,0,23,"NOT AVAILABLE"
"839",-122.404815072,37.78452359,3104,119340,"Everest College-San Francisco","814 Mission St  Suite 500","NOT AVAILABLE","San Francisco","CA","94103","9946","(415) 777-2500",3,"A",369,"San Francisco",6075,"US",37.784524,-122.404815,611519,"Other Technical and Trade Schools","http://nces.ed.gov/GLOBALLOCATOR/col_info_popup.asp?ID=119340","2009-10-13T00:00:00.000Z","Geocode","2010-09-08T00:00:00.000Z","www.everest.edu/campus/san_francisco?",6,75,9,3,2,2,11,"-2",-2,"NOT AVAILABLE",-3,1,0,319,319,2,0,50,"NOT AVAILABLE"
"5269",-96.1785547969999,38.413154137,4534,155025,"Emporia State University","1200 Commercial","NOT AVAILABLE","Emporia","KS","66801","5087","(620) 341-1200",1,"A",6625,"Lyon",20111,"US",38.413154,-96.178555,611310,"Colleges, Universities, and Professional Schools","http://nces.ed.gov/GLOBALLOCATOR/col_info_popup.asp?ID=155025","2009-10-13T00:00:00.000Z","Imagery","2011-11-11T00:00:00.000Z","www.emporia.edu",20,111,1,1,9,1,33,"-2",-2,"ESU |E-State",12,3,2186,3681,5867,1,807,758,"NOT AVAILABLE"
"6351",-94.57318535,39.185691255,616,178208,"Midwestern Baptist Theological Seminary","5001 N. Oak Trafficway","NOT AVAILABLE","Kansas City","MO","64118","4697","(816) 414-3700",2,"A",1260,"Clay",29047,"US",39.185691,-94.573185,611310,"Colleges, Universities, and Professional Schools","http://nces.ed.gov/GLOBALLOCATOR/col_info_popup.asp?ID=178208","2009-10-13T00:00:00.000Z","Imagery","2010-08-27T00:00:00.000Z","www.mbts.edu",29,47,2,1,9,1,11,"-2",-2,"MBTS|MBC|MBC,SBC|Midwestern Baptist Seminary|Midwestern|Midwestern Baptist College, SBC|Midwestern Baptist College|MBCSBC",-2,2,442,674,1116,1,211,144,"NOT AVAILABLE"
"1098",-73.974526711,40.6042401930001,3363,448053,"Elite Academy of Beauty Arts","426 Kings Hwy","NOT AVAILABLE","Brooklyn","NY","11223","NOT AVAILABLE","(718) 998-8182",3,"A",104,"Kings",36047,"US",40.60424,-73.974527,611511,"Cosmetology and Barber Schools","http://nces.ed.gov/GLOBALLOCATOR/col_info_popup.asp?ID=448053","2009-10-13T00:00:00.000Z","Geocode","2010-09-13T00:00:00.000Z","www.beautysalonschool.com",36,47,9,3,2,2,11,"-2",-2,"Beauty Salon School",-3,1,0,96,96,2,0,8,"NOT AVAILABLE"
"3159",-97.579284597,40.8674531230001,5424,181853,"York College","1125 E 8th St","NOT AVAILABLE","York","NE","68467","2699","(402) 363-5600",2,"A",579,"York",31185,"US",40.867453,-97.579285,611310,"Colleges, Universities, and Professional Schools","http://nces.ed.gov/GLOBALLOCATOR/col_info_popup.asp?ID=181853","2009-10-13T00:00:00.000Z","Imagery/Other","2014-08-19T00:00:00.000Z","www.york.edu/",31,185,2,1,5,1,33,"-2",-2,"NOT AVAILABLE",8,1,22,442,464,1,444,115,"NOT AVAILABLE"
"5688",-93.990743918,44.1664845440001,4953,173142,"Bethany Lutheran College","700 Luther Dr","NOT AVAILABLE","Mankato","MN","56001","NOT AVAILABLE","(507) 344-7000",2,"A",791,"Blue Earth",27013,"US",44.166485,-93.990744,611310,"Colleges, Universities, and Professional Schools","http://nces.ed.gov/GLOBALLOCATOR/col_info_popup.asp?ID=173142","2009-10-13T00:00:00.000Z","Imagery/Other","2014-08-19T00:00:00.000Z","www.blc.edu",27,13,2,1,5,1,13,"-2",-2,"blc|bethany|bethnay|bethany lutheran|bethnay lutheran|bethany luthern|bethnay luthern|bethany college|bethnay college|bethany collage|bethnay collage|bethany lutheran college|bethnay lutheran college|bethany luthern college|bethnay luthern college|bethel",8,1,35,570,605,1,513,186,"NOT AVAILABLE"
"6512",-106.66459,45.625559,777,180160,"Chief Dull Knife College","One College Drive","NOT AVAILABLE","Lame Deer","MT","59043","NOT AVAILABLE","(406) 477-6215 ext 100",1,"A",459,"Rosebud",30087,"US",45.625559,-106.66459,611310,"Colleges, Universities, and Professional Schools","http://nces.ed.gov/GLOBALLOCATOR/col_info_popup.asp?ID=180160","2009-12-31T00:00:00.000Z","Imagery","2011-06-29T00:00:00.000Z","cdkc.edu",30,87,4,2,3,1,43,"-2",-2,"NOT AVAILABLE",1,1,270,130,400,2,0,59,"NOT AVAILABLE"
"2839",-71.3249092629999,41.791884198,5104,414124,"Motoring Technical Training Institute","1241 Fall River Avenue","NOT AVAILABLE","Seekonk","MA","02771","NOT AVAILABLE","(508) 336-6611",3,"A",235,"Providence",44007,"US",41.791884,-71.324909,611519,"Other Technical and Trade Schools","http://nces.ed.gov/GLOBALLOCATOR/col_info_popup.asp?ID=414124","2009-10-13T00:00:00.000Z","Imagery/Other","2014-09-23T00:00:00.000Z","www.mtti.edu",25,7,9,3,2,2,21,"-2",-2,"MTTI",-3,1,15,185,200,2,0,35,"NOT AVAILABLE"
"1402",-84.4449686679999,39.283311971,3667,450067,"Fortis College-Cincinnati","11499 Chester Road Ste 200","NOT AVAILABLE","Cincinnati","OH","45246","NOT AVAILABLE","(513) 771-2795",3,"A",539,"Hamilton",39061,"US",39.283312,-84.444969,611210,"Junior Colleges","http://nces.ed.gov/GLOBALLOCATOR/col_info_popup.asp?ID=450067","2009-10-13T00:00:00.000Z","Imagery","2010-05-24T00:00:00.000Z","www.fortiscollege.edu",39,61,6,2,3,1,21,"-2",-2,"Bohecker College",2,1,0,453,453,2,0,86,"NOT AVAILABLE"
"3116",-82.995356563,38.7309090680001,5381,205443,"Shawnee State University","940  Second  St","NOT AVAILABLE","Portsmouth","OH","45662","NOT AVAILABLE","(740) 354-3205",1,"A",5120,"Scioto",39145,"US",38.730909,-82.995357,611310,"Colleges, Universities, and Professional Schools","http://nces.ed.gov/GLOBALLOCATOR/col_info_popup.asp?ID=205443","2009-10-13T00:00:00.000Z","Imagery","2011-11-17T00:00:00.000Z","WWW.SHAWNEE.EDU",39,145,1,1,7,1,31,"-2",-2,"NOT AVAILABLE",12,2,627,3882,4509,1,998,611,"NOT AVAILABLE"
"4290",-95.954124211,36.7177516080001,1555,206835,"Oklahoma Wesleyan University","2201 Silver Lake Rd","NOT AVAILABLE","Bartlesville","OK","74006","6299","(918) 333-6151",2,"A",1332,"Washington",40147,"US",36.717752,-95.954124,611310,"Colleges, Universities, and Professional Schools","http://nces.ed.gov/GLOBALLOCATOR/col_info_popup.asp?ID=206835","2009-10-13T00:00:00.000Z","Imagery","2010-09-14T00:00:00.000Z","www.okwu.edu",40,147,2,1,7,1,32,"-2",-2,"OKWU or OWU",7,2,553,595,1148,1,325,184,"NOT AVAILABLE"
"6483",-85.922594734,37.0125812160001,748,156754,"PJ's College of Cosmetology-Glasgow","920 Happy Valley Road","NOT AVAILABLE","Glasgow","KY","42141","NOT AVAILABLE","(317) 846-8999 ext 320",3,"A",87,"Barren",21009,"US",37.012581,-85.922595,611511,"Cosmetology and Barber Schools","http://nces.ed.gov/GLOBALLOCATOR/col_info_popup.asp?ID=156754","2009-10-13T00:00:00.000Z","Imagery/Other","2014-12-02T00:00:00.000Z","GOTOPJS.COM",21,9,6,2,4,2,32,"-2",-2,"NOT AVAILABLE",-3,1,0,80,80,2,0,7,"NOT AVAILABLE"
"6524",-74.532633,39.491994,789,186876,"The Richard Stockton College of New Jersey","101 Vera King Farris","NOT AVAILABLE","Galloway","NJ","08205","9441","(609) 652-1776",1,"A",9482,"Atlantic",34001,"US",39.491994,-74.532633,611310,"Colleges, Universities, and Professional Schools","http://nces.ed.gov/GLOBALLOCATOR/col_info_popup.asp?ID=186876","2009-12-31T00:00:00.000Z","Imagery","2011-11-10T00:00:00.000Z","www.stockton.edu",34,1,1,1,9,1,22,"-2",-2,"Stockton State|Stockton State College|Stockton University|Richard Stockton College of New Jersey|Richard Stockton College of NJ|Stockton College of New Jersey|Stockton College of NJ|R Stockton College|RSC|Richard Stockton College|SSC",13,3,1040,7100,8140,1,2762,1342,"NOT AVAILABLE"
"7241",-82.403485754,27.951357871,2506,378886,"Artistic Nails and Beauty Academy","4951-A Adamo Drive","NOT AVAILABLE","Tampa","FL","33605","NOT AVAILABLE","(813) 654-4529 ext 202",3,"A",263,"Hillsborough",12057,"US",27.951358,-82.403486,611511,"Cosmetology and Barber Schools","http://nces.ed.gov/GLOBALLOCATOR/col_info_popup.asp?ID=378886","2009-10-13T00:00:00.000Z","Geocode","2010-03-10T00:00:00.000Z","www.artisticbeautyschool.com",12,57,9,3,2,2,11,"-2",-2,"NOT AVAILABLE",-3,1,135,110,245,2,0,18,"NOT AVAILABLE"
"2",-121.289431,38.713353,7002,112181,"Citrus Heights Beauty College","7518 Baird Way","NOT AVAILABLE","Citris Heights","CA","95610","1410","(916) 725-6861 ext 1",3,"R",39,"Sacramento",6067,"US",38.713353,-121.289431,611511,"Cosmetology and Barber Schools","http://nces.ed.gov/GLOBALLOCATOR/col_info_popup.asp?ID=112181","2013-11-04T00:00:00.000Z","Imagery/Other","2013-11-25T00:00:00.000Z","www.chbeautycollege.com",6,67,9,3,2,2,21,"-2",-2,"NOT AVAILABLE",-3,1,6,24,30,2,0,9,"NOT AVAILABLE"
"226",-77.414321628,34.751443174,7226,460817,"Miller-Motte College","1291 Hargett Street","NOT AVAILABLE","Jacksonville","NC","28540","5901","(910) 478-4300",3,"A",510,"Onslow",37133,"US",34.751443,-77.414322,611210,"Junior Colleges","http://nces.ed.gov/GLOBALLOCATOR/col_info_popup.asp?ID=460817","2013-06-25T00:00:00.000Z","Geocode","2013-08-20T00:00:00.000Z","www.miller-motte.edu",37,133,6,2,3,1,13,"-2",-2,"NOT AVAILABLE",-3,1,141,306,447,2,0,63,"NOT AVAILABLE"
"2914",-106.907701434,34.066189837,5179,187967,"New Mexico Institute of Mining and Technology","801 Leroy Place","NOT AVAILABLE","Socorro","NM","87801","NOT AVAILABLE","(800) 428-8324",1,"A",2786,"Socorro",35053,"US",34.06619,-106.907701,611310,"Colleges, Universities, and Professional Schools","http://nces.ed.gov/GLOBALLOCATOR/col_info_popup.asp?ID=187967","2009-10-13T00:00:00.000Z","Imagery/Other","2011-07-06T00:00:00.000Z","www.nmt.edu",35,53,1,1,9,1,33,"-2",-2,"New Mexico Tech |New Mexico School of Mines",11,2,366,1607,1973,1,680,813,"NOT AVAILABLE"
"1389",-81.3455855189999,41.023274217,3654,444477,"Carnegie Career College","1292 Waterloo Rd","NOT AVAILABLE","Suffield","OH","44260","NOT AVAILABLE","(330) 628-3775",2,"A",0,"Portage",39133,"US",41.023274,-81.345586,611210,"Junior Colleges","http://nces.ed.gov/GLOBALLOCATOR/col_info_popup.asp?ID=444477","2009-10-13T00:00:00.000Z","Imagery/Other","2010-05-24T00:00:00.000Z","www.carnegieinstitute.net",39,133,5,2,3,1,41,"-2",-2,"NOT AVAILABLE",1,1,0,0,0,-2,0,0,"NOT AVAILABLE"
"5414",-87.8806439969999,42.061893324,4679,147800,"Oakton Community College","1600 E Golf Rd.","NOT AVAILABLE","Des Plaines","IL","60016","1268","(847) 635-1600",1,"A",12520,"Cook",17031,"US",42.061893,-87.880644,611210,"Junior Colleges","http://nces.ed.gov/GLOBALLOCATOR/col_info_popup.asp?ID=147800","2009-10-13T00:00:00.000Z","Imagery/Other","2011-09-19T00:00:00.000Z","www.oakton.edu",17,31,4,2,3,1,13,"-2",-2,"NOT AVAILABLE",4,4,8428,3003,11431,2,0,1089,"NOT AVAILABLE"
"4657",-71.1265657719999,42.4155994820001,1922,362782,"Elizabeth Grady School of Esthetics and Massage Therapy","222 Boston Avenue","NOT AVAILABLE","Medford","MA","02155","NOT AVAILABLE","(781) 391-9380",3,"A",112,"Middlesex",25017,"US",42.415599,-71.126566,611511,"Cosmetology and Barber Schools","http://nces.ed.gov/GLOBALLOCATOR/col_info_popup.asp?ID=362782","2009-10-13T00:00:00.000Z","Imagery","2010-05-07T00:00:00.000Z","elizabethgrady.edu",25,17,9,3,1,2,21,"-2",-2,"NOT AVAILABLE",-3,1,21,66,87,2,0,25,"NOT AVAILABLE"
"1095",-115.118724001,36.108303737,3360,448044,"Institute of Professional Careers","4472 South Eastern Avenue","NOT AVAILABLE","Las Vegas","NV","89119","NOT AVAILABLE","(702) 734-9900",3,"A",18,"Clark",32003,"US",36.108304,-115.118724,611519,"Other Technical and Trade Schools","http://nces.ed.gov/GLOBALLOCATOR/col_info_popup.asp?ID=448044","2009-10-13T00:00:00.000Z","Imagery","2010-08-27T00:00:00.000Z","www.ipclasvegas.com/",32,3,9,3,1,2,12,"-2",-2,"NOT AVAILABLE",-3,1,0,12,12,2,0,6,"NOT AVAILABLE"
"1783",-119.732643044,36.726016509,6048,114813,"Fresno Pacific University","1717 S Chestnut Ave","NOT AVAILABLE","Fresno","CA","93702","4709","(559) 453-2000",2,"A",4007,"Fresno",6019,"US",36.726017,-119.732643,611310,"Colleges, Universities, and Professional Schools","http://nces.ed.gov/GLOBALLOCATOR/col_info_popup.asp?ID=114813","2009-12-10T00:00:00.000Z","Imagery/Other","2011-10-26T00:00:00.000Z","www.fresno.edu",6,19,2,1,7,1,11,"-2",-2,"NOT AVAILABLE",10,2,820,2512,3332,1,518,675,"NOT AVAILABLE"
"5713",-96.165425122,43.083651455,4978,153250,"Dordt College","498 4th Ave NE","NOT AVAILABLE","Sioux Center","IA","51250","1697","(712) 722-6000",2,"A",1627,"Sioux",19167,"US",43.083651,-96.165425,611310,"Colleges, Universities, and Professional Schools","http://nces.ed.gov/GLOBALLOCATOR/col_info_popup.asp?ID=153250","2009-10-13T00:00:00.000Z","Imagery/Other","2014-07-15T00:00:00.000Z","www.dordt.edu",19,167,2,1,7,1,33,"-2",-2,"NOT AVAILABLE",11,2,56,1344,1400,1,1258,227,"NOT AVAILABLE"
"1751",-110.996994133,32.296733121,6016,105163,"ITT Technical Institute-Tucson","1455 W. River Rd","NOT AVAILABLE","Tucson","AZ","85704","5829","(520) 408-7488",3,"A",590,"Pima",4019,"US",32.296733,-110.996994,611310,"Colleges, Universities, and Professional Schools","http://nces.ed.gov/GLOBALLOCATOR/col_info_popup.asp?ID=105163","2009-12-10T00:00:00.000Z","Imagery/Other","2009-12-10T00:00:00.000Z","www.itt-tech.edu",4,19,3,1,5,1,21,"-2",-2,"NOT AVAILABLE",-2,1,188,341,529,2,0,61,"NOT AVAILABLE"
"3956",-84.1920060699999,39.695052264,1221,203544,"Kettering College","3737 Southern Blvd","NOT AVAILABLE","Kettering","OH","45429","1299","(937) 395-8601",2,"A",1084,"Montgomery",39113,"US",39.695052,-84.192006,611310,"Colleges, Universities, and Professional Schools","http://nces.ed.gov/GLOBALLOCATOR/col_info_popup.asp?ID=203544","2009-10-13T00:00:00.000Z","Imagery/Other","2014-06-30T00:00:00.000Z","www.kc.edu",39,113,2,1,7,1,21,"-2",-2,"NOT AVAILABLE",-2,1,417,564,981,1,120,103,"NOT AVAILABLE"
"788",-118.281860074,33.784201411,3053,117690,"Los Angeles Harbor College","1111 Figueroa Place","NOT AVAILABLE","Wilmington","CA","90744","2397","(310) 233-4000",1,"A",10548,"Los Angeles",6037,"US",33.784201,-118.28186,611210,"Junior Colleges","http://nces.ed.gov/GLOBALLOCATOR/col_info_popup.asp?ID=117690","2009-10-13T00:00:00.000Z","Imagery","2011-10-25T00:00:00.000Z","www.lahc.edu",6,37,4,2,4,1,11,"-2",-2,"Harbor College",4,3,7515,2558,10073,2,0,475,"NOT AVAILABLE"
